[
  { "code": "JHR01", "state": "Johor", "label": "Pulau Aur, Pulau Pemanggil", "lat": 2.45, "lng": 104.52 },
  { "code": "JHR02", "state": "Johor", "label": "Johor Bahru, Kota Tinggi, Mersing, Kulai", "lat": 1.49, "lng": 103.76 },
  { "code": "JHR03", "state": "Johor", "label": "Kluang, Pontian", "lat": 2.03, "lng": 103.32 },
  { "code": "JHR04", "state": "Johor", "label": "Batu Pahat, Muar, Segamat, Gemas Johor, Tangkak", "lat": 2.02, "lng": 102.94 },
  { "code": "KDH01", "state": "Kedah", "label": "Kota Setar, Kubang Pasu, Pokok Sena (Daerah Kecil)", "lat": 6.12, "lng": 100.37 },
  { "code": "KDH02", "state": "Kedah", "label": "Kuala Muda, Yan, Pendang", "lat": 5.76, "lng": 100.50 },
  { "code": "KDH03", "state": "Kedah", "label": "Padang Terap, Sik", "lat": 5.92, "lng": 100.72 },
  { "code": "KDH04", "state": "Kedah", "label": "Baling", "lat": 5.68, "lng": 100.92 },
  { "code": "KDH05", "state": "Kedah", "label": "Bandar Baharu, Kulim", "lat": 5.38, "lng": 100.56 },
  { "code": "KDH06", "state": "Kedah", "label": "Langkawi", "lat": 6.35, "lng": 99.80 },
  { "code": "KDH07", "state": "Kedah", "label": "Gunung Jerai", "lat": 5.79, "lng": 100.43 },
  { "code": "KTN01", "state": "Kelantan", "label": "Bachok, Kota Bharu, Machang, Pasir Mas, Pasir Puteh, Tanah Merah, Tumpat, Kuala Krai, Mukim Chiku", "lat": 6.13, "lng": 102.24 },
  { "code": "KTN03", "state": "Kelantan", "label": "Gua Musang (Daerah Galas Dan Bertam), Jeli, Jajahan Kecil Lojing", "lat": 4.88, "lng": 101.97 },
  { "code": "MLK01", "state": "Melaka", "label": "SELURUH NEGERI MELAKA", "lat": 2.19, "lng": 102.25 },
  { "code": "NGS01", "state": "Negeri Sembilan", "label": "Tampin, Jempol", "lat": 2.47, "lng": 102.23 },
  { "code": "NGS02", "state": "Negeri Sembilan", "label": "Jelebu, Kuala Pilah, Rembau", "lat": 2.73, "lng": 102.25 },
  { "code": "NGS03", "state": "Negeri Sembilan", "label": "Port Dickson, Seremban", "lat": 2.73, "lng": 101.94 },
  { "code": "PHG01", "state": "Pahang", "label": "Pulau Tioman", "lat": 2.81, "lng": 104.17 },
  { "code": "PHG02", "state": "Pahang", "label": "Kuantan, Pekan, Rompin, Muadzam Shah", "lat": 3.82, "lng": 103.33 },
  { "code": "PHG03", "state": "Pahang", "label": "Jerantut, Temerloh, Maran, Bera, Chenor, Jengka", "lat": 3.93, "lng": 102.35 },
  { "code": "PHG04", "state": "Pahang", "label": "Bentong, Lipis, Raub", "lat": 3.92, "lng": 101.91 },
  { "code": "PHG05", "state": "Pahang", "label": "Genting Highlands, Cameron Highlands", "lat": 4.47, "lng": 101.38 },
  { "code": "PHG06", "state": "Pahang", "label": "Kuala Lipis, Bandar Baru Tun Abdul Razak (Jengka)", "lat": 4.18, "lng": 102.05 },
  { "code": "PLS01", "state": "Perlis", "label": "SELURUH NEGERI PERLIS", "lat": 6.44, "lng": 100.20 },
  { "code": "PNG01", "state": "Pulau Pinang", "label": "SELURUH NEGERI PULAU PINANG", "lat": 5.41, "lng": 100.34 },
  { "code": "PRK01", "state": "Perak", "label": "Tapah, Slim River, Tanjung Malim", "lat": 3.97, "lng": 101.39 },
  { "code": "PRK02", "state": "Perak", "label": "Kuala Kangsar, Sg. Siput, Ipoh, Kampar, Batu Gajah", "lat": 4.60, "lng": 101.08 },
  { "code": "PRK03", "state": "Perak", "label": "Lenggong, Pengkalan Hulu, Grik", "lat": 5.25, "lng": 101.02 },
  { "code": "PRK04", "state": "Perak", "label": "Temengor, Belum", "lat": 5.45, "lng": 101.30 },
  { "code": "PRK05", "state": "Perak", "label": "Kg Gajah, Teluk Intan, Bagan Datuk, Seri Iskandar, Beruas, Parit, Lumut, Sitiawan, Manjung", "lat": 4.02, "lng": 100.73 },
  { "code": "PRK06", "state": "Perak", "label": "Selama, Taiping, Bagan Serai, Parit Buntar", "lat": 4.85, "lng": 100.73 },
  { "code": "PRK07", "state": "Perak", "label": "Bukit Larut", "lat": 4.86, "lng": 100.80 },
  { "code": "SBH01", "state": "Sabah", "label": "Bahagian Sandakan (Timur), ## Bukit Garam, ## Leila, Telupit, Kuamut, ## Terusan, Kalabakan", "lat": 5.84, "lng": 118.12 },
  { "code": "SBH02", "state": "Sabah", "label": "Beluran, ## Telupid, Pinangah, Terusan, Kuamut, Sg Pinangah, Kudat, Kota Marudu, Pitas", "lat": 6.08, "lng": 116.84 },
  { "code": "SBH03", "state": "Sabah", "label": "Lahad Datu, Silabukan, Kunak, Semporna, Tungku, Tawau, Balong", "lat": 5.03, "lng": 118.33 },
  { "code": "SBH04", "state": "Sabah", "label": "Pensiangan, ## Kemabong, Tenom, Long Pasia, Long Miau, Sipitang, Ulu Sipitang, ## Mesapol", "lat": 4.95, "lng": 115.95 },
  { "code": "SBH05", "state": "Sabah", "label": "Papar, Ranau, Kota Belud, Tuaran, Penampang, Kota Kinabalu", "lat": 5.98, "lng": 116.07 },
  { "code": "SBH06", "state": "Sabah", "label": "Gunung Kinabalu", "lat": 6.08, "lng": 116.55 },
  { "code": "SBH07", "state": "Sabah", "label": "Beaufort, Membakut, Weston, Nabawan, Keningau, Tambunan", "lat": 5.35, "lng": 115.75 },
  { "code": "SBH08", "state": "Sabah", "label": "Sipadan, Ligitan", "lat": 4.12, "lng": 118.63 },
  { "code": "SBH09", "state": "Sabah", "label": "Kinabatangan", "lat": 5.55, "lng": 118.00 },
  { "code": "SGR01", "state": "Selangor", "label": "Gombak, Petaling, Sepang, Hulu Langat, Hulu Selangor, Shah Alam", "lat": 3.07, "lng": 101.52 },
  { "code": "SGR02", "state": "Selangor", "label": "Kuala Selangor, Sabak Bernam", "lat": 3.34, "lng": 101.25 },
  { "code": "SGR03", "state": "Selangor", "label": "Klang, Kuala Langat", "lat": 3.04, "lng": 101.45 },
  { "code": "SWK01", "state": "Sarawak", "label": "Limbang, Lawas, Sundar, Trusan", "lat": 4.75, "lng": 115.01 },
  { "code": "SWK02", "state": "Sarawak", "label": "Miri, Niah, Bekenu, Sibuti, Marudi", "lat": 4.40, "lng": 114.00 },
  { "code": "SWK03", "state": "Sarawak", "label": "Bintulu, Tatau, Sebauh, Belaga, Kapit, Song, Belingan", "lat": 2.93, "lng": 111.87 },
  { "code": "SWK04", "state": "Sarawak", "label": "Sibu, Mukah, Dalat, Igan, Oya, Balingian, Kanowit, Julau", "lat": 2.30, "lng": 111.84 },
  { "code": "SWK05", "state": "Sarawak", "label": "Sarikei, Matu, Daro, Bintangor, Rajang", "lat": 2.12, "lng": 111.52 },
  { "code": "SWK06", "state": "Sarawak", "label": "Lubok Antu, Sri Aman, Engkilili, Betong, Spaoh, Pusa, Saratok, Roban", "lat": 1.24, "lng": 111.46 },
  { "code": "SWK07", "state": "Sarawak", "label": "Kuching, Bau, Lundu, Samarahan, Simunjan, Serian, Tebedu", "lat": 1.55, "lng": 110.34 },
  { "code": "SWK08", "state": "Sarawak", "label": "Ulu Rajang (Long Lama, Belaga, Merit, Kapit)", "lat": 2.79, "lng": 113.98 },
  { "code": "SWK09", "state": "Sarawak", "label": "Baram (Mulu, Long Terawan)", "lat": 4.04, "lng": 114.81 },
  { "code": "TRG01", "state": "Terengganu", "label": "Kuala Terengganu, Marang, Kuala Nerus", "lat": 5.31, "lng": 103.13 },
  { "code": "TRG02", "state": "Terengganu", "label": "Besut, Setiu", "lat": 5.62, "lng": 102.59 },
  { "code": "TRG03", "state": "Terengganu", "label": "Hulu Terengganu", "lat": 5.07, "lng": 102.93 },
  { "code": "TRG04", "state": "Terengganu", "label": "Dungun, Kemaman", "lat": 4.76, "lng": 103.42 },
  { "code": "WLY01", "state": "Wilayah Persekutuan", "label": "Kuala Lumpur, Putrajaya", "lat": 3.14, "lng": 101.69 },
  { "code": "WLY02", "state": "Wilayah Persekutuan", "label": "Labuan", "lat": 5.28, "lng": 115.23 }
]
